app,size,price
JailBase - Arrests + Mugshots,,0
EF Smart English for Phone,13,0
CP Calculator,2.9,0
Workout Tracker & Gym Trainer - Fitness Log Book,21,0
All Language Translator,2.1,0
Adivina el Emoji,32,0
Co-op Connections,18,0
CP Clicker,5,0
love,22,0
University of Florida,7.6,0
Can I pack that? - DG App,22,0
Klara weather,4.8,0
Jumia online shopping,8.1,0
Java Editor CR,18,0
Monster Truck Driver & Racing,51,0
Credit Karma,,0
FA Player Essentials,68,0
Frozen Free Fall,37,0
BN DB1 App,34,0
Android Messages,,0
Google Voice,,0
Dots & Co: A Puzzle Adventure,85,0
Where's My Water? Free,57,0
La Fe de Jesus,0.658,0
Titanic App - Feminist Dating Application,10,0
Familial Hypercholesterolaemia,34,0
Convert Coordinates DM to DMS,0.164,0
DT Manager,3.1,0
DJ Mix Effects Simulator,20,0
Discípulos em BH,5.2,0
Zocdoc: Find Doctors & Book Appointments,38,0
Dr. Panda Town,,0
Wallpapers FN Herstal FNP 9,11,0
Hangouts Dialer - Call Phones,0.079,0
M star Dialer,4.2,0
Ringdroid,,0
Placement Tips for BE (CE/IT),6.3,0
"Mobizen Screen Recorder for LG - Record, Capture",37,0
lesparticuliers.fr,1,0
White Classic Petite Watch Theme for DW,3,0
Police VAZ LADA Simulator,61,0
Black Classic DW Watch Theme,2.9,0
Google Photos,,0
Cy-Fair Christian Church,9.3,0
Adobe Fill & Sign: Easy PDF Form Filler,5.3,0
Jewels Star: OZ adventure,14,0
Qatar Airways,62,0
"BT Dating -Find your match, help cupid, be social",26,0
Kick the Buddy,,0
Runkeeper - GPS Track Run Walk,,0
Howlr,27,0
Bhunaksha CG,4.1,0
Bx Thailand Alert (Bitcoin),8.2,0
Elemental Galaxy Dx - Match3,14,0
Five Nights at Flappy's,24,0
Spanish English Translator,,0
Couple - Relationship App,8.4,0
MPS CL,3.2,0
magicApp Calling & Messaging,,0
Angry Birds Rio,46,0
Resume PDF Maker / CV Builder,2.2,0
wetter.com - Weather and Radar,38,0
"Peers.TV: broadcast TV channels First, Match TV, TNT ...",,0
"Startupticker.ch News, Events",10,0
F-Secure SAFE,9.3,0
Speed Camera Detector - Traffic & Speed Alert,5.4,0
DM Adventure,11,0
"Ibotta: Cash Back Savings, Rewards & Coupons App",52,0
"Poly Art: Paint by Sticker, Color by Number Puzzle",,0
Bf Light,11,0
DHV accountancy BV,10,0
BU Study,5.6,0
NFL,,0
YouCam Makeup - Magic Selfie Makeovers,,0
Guide to Nikon Df,0.663,29.99
Events High - Meet Your City!,,0
Freecell CY,1.1,0
NetApp CE,21,0
"Expedia Hotels, Flights & Car Rental Travel Deals",14,0
CE HPJM 69,22,0
Coupons for Burger King,4,0
Al-Moazin Lite (Prayer Times),,0
CB Frequencies FREE!,2.3,0
Ai File Viewer,,0
Reindeer VPN - Proxy VPN,4,0
Bowmasters,,0
Extreme Car Driving Simulator,52,0
eP Scanner,20,0
My Truck,8.2,0
Guide for DB Xenoverse 2,8.7,0
Superhero Doctor 2 -ER Surgery,72,0
Ay Yıldız Analog Saat,1.7,0
GearBest Online Shopping,35,0
Ain Arabic Kids Alif Ba ta,33,2.99
Ej-buy,4.1,0
Unstoppaball DX,40,1.49
Devise Dz,3.6,0
Pixxy KWGT,78,0.99
Larry H Miller Automotive,8.3,0
N Launcher - Nougat 7.0,8.4,0
AccuWeather: Daily Forecast & Live Weather Reports,,0
Simple Recipes,15,0
ES Audio Player ( Shortcut ),0.033,0
Luxury Car Simulator,46,0
BBW Dating & Plus Size Chat,29,0
Sirens Fashion Style Game,22,0
Motorola Camera,,0
To Do Reminder with Alarm,4.9,0
Chrome Dev,,0
Bu Hangi Oyun ?,26,0
BTS V LINE Launcher theme,3.6,0
Redbox,30,0
F.A Sumon songs,5.4,0
Deaf Interpreter,4.4,0
China Town Auto Theft 2,67,0
Telstra,6.3,0
World Webcams,,0
"Selfie Camera: Beauty Camera, Photo Editor,Collage",9.1,0
YouCamp EU,32,2.56
Neon-R (Red),41,0.99
DM security - Dragon Mobile,3,0
Météociel,22,0
Discovery K!ds Play! Español,35,0
Fo Fo Fish,21,0
Adguard Content Blocker,4.3,0
App vault,,0
Bubble Shooter 2,,0
Punch em,4.4,0
Wallpapers FN SCAR H,9.2,0
Hotspot Shield Free VPN Proxy & Wi-Fi Security,8.2,0
BR,3.5,0
Millionaire Match: Rich Singles Dating App,27,0
Simple Blood Pressure log,10,0
Explore Sedona & Northern AZ,22,0
Photo Designer - Write your name with shapes,5.5,0
GO Weather EX Theme White,4.6,0
FP Boss,5.8,0
Pony Friends 🦄 - Beepzz racing game for kids,69,0
Mad Skills Motocross,44,0
Archery Physics Objects Destruction Apple shooter,39,0
Morse Machine for Ham Radio,9.6,0.99
BC Navigator,32,0
U Camera : Phone 6s OS 9 style,3,0
YAKALA AY,14,0.99
Toca Builders,,3.99
J. Cole Albums (2007-2017),7.3,0
Kids Balloon Pop Game Free 🎈,19,0
Color CL,1.3,0
Calculator Fn,3.6,0
Score! Hero,96,0
CW BLE Peripheral Simulator,1.5,0
Flexiroam X,21,0
Daily Horoscope,,0
Virtual Brain Surgery Simulator : Kid ER Emergency,55,0
BU HANGİ ŞARKI ? - 2018,28,0
BS Play,1.5,0
"SayHi Chat, Meet New People",,0
Tasker,,2.99
Nova Launcher,,0
Theme for Galaxy Note FE Launcher | Live Wallpaper,26,0
EB Annual Meetings,15,0
Fill 'er Up,0.018,0
BT Find Address for Bluetooth,2.6,0
BM speed test,3.7,0
AL.com: Alabama Football News,8,0
DS finder,32,0
AAS-IN-ASIA 2018,11,0
News.aw,1,0
The Wall Street Journal: Business & Market News,36,0
Nose Doctor X: Booger Mania,34,0
JackThreads: Men's Shopping,2.7,0
Funny Jokes,2.9,0
Natural recipes for your beauty,9.8,0
EZ-Placard - Free Placard Calculator,2.4,0
Dr. Chess,6.7,0
Lottery Results: Florida,3.2,0
Sway Medical,22,0
eBoox: book reader fb2 epub zip,23,0
BN PERKS™,15,0
Fodbold DK Pro,4.3,2.99
HAL-9000 - FN Theme,0.257,0
Hill Climb Racing,63,0
Pocket U ASW,28,0
Kick Axe Bx,9.3,0
X Launcher: With OS11 Style Theme & Control Center,4.4,0
Geometry Dash SubZero,49,0
CQ: Lost In Transmission,61,0
Ultimate Control BT,4.3,0
DG Smart life,28,0
Step Counter - Calorie Counter,2.2,0
Visage Lab – face retouch,,0
CJ Apps,24,0
Ready4 SAT (Prep4 SAT),48,0
Inches to Centimeters,0.411,0
Dinosaur Simulator: Dino World,66,0
MakeMyTrip-Flight Hotel Bus Cab IRCTC Rail Booking,,0
Rosetta Stone: Learn to Speak & Read New Languages,76,0
Genius Scan - PDF Scanner,,0
CT Cervical Spine,17,0
Manga Rock - Best Manga Reader,28,0
British Columbia Tourist Places (Guide),3,0
50 Healthy Slow Cooker Recipes,9,0
In to cm,2.3,0
WeFi - Free Fast WiFi Connect & Find Wi-Fi Map,5.1,0
Fast Download Manager,1.7,0
Step Counter - Pedometer Free & Calorie Counter,7,0
EZ LED,2.1,0
Text Free: WiFi Calling App,,0
HD Mickey Minnie Wallpapers,23,0
NYTimes - Latest News,23,0
"edX - Online Courses by Harvard, MIT & more",10,0
Run with Map My Run,57,0
Wish - Shopping Made Fun,15,0
Granny,59,0
Ulysse Speedometer,,0
Faceoff DP Battle App,6.7,0
Wuwu & Co.,77,2.99
AG Subway Simulator Lite,56,0
Phoenix - Facebook & Messenger,3.4,0
Live Hold’em Pro Poker - Free Casino Games,,0
Economic Times : Market News,,0
Learn JavaScript,5.4,0
FR Calculator,2.6,0
Duaa Ek Ibaadat,26,0
CD Supply,14,0
BD Field Force,15,0
► MultiCraft ― Free Miner! 👍,,0
C4droid - C/C++ compiler & IDE,,2.99
Calorie Counter - EasyFit free,11,0
Deus Ex GO,23,0.99
Allsetra B.V.,24,0
ARK: Survival Evolved,36,0
EC Sampler,30,0
FBReader: Favorite Book Reader,,0
Offroad Car G,37,0
Florida Lottery Results,2.2,0
The Washington Post Classic,,0
MYTO CZ,4.8,0
Skiplagged — Exclusive Flights & Hotels,,0
Axe Throw: Flip Champ Axes Champion Throwing Games,13,0
AV HD Video Player,23,0
Simple Habit Meditation,20,0
Pink Silver Bow Keyboard Theme,9.2,0
Snapchat,,0
DN Premium Hookah Lounge,4.2,0
Thomas & Friends: Delivery,17,0
Human Anatomy Atlas 2018: Complete 3D Human Body,25,24.99
Hello Kitty Nail Salon,24,0
Fast like a Fox,12,0
Dz kayas,14,28.99
O-Star,38,0
EZ game screen recorder with audio 1080P,3.9,0
C.B. Shop,19,0
Dungeons and Dragons DM Tools,4.9,1.99
BW-Joseki,1.8,0
Motocross Fun Simulator,35,0
Dr. Rocket,3.4,0
News360: Personalized News,,0
Wallpapers AK 12,11,0
QuickShortcutMaker,2,0
BLACKJACK!,33,0
"sugar, sugar",9.5,1.2
Mini DAYZ: Zombie Survival,,0
Shadow Fight 2,88,0
"Zapya - File Transfer, Sharing",9,0
Credit Sesame,11,0
Citibanamex Movil,42,0
Despegar.com Hotels and Flights,27,0
Itau bank,40,0
DC Super Hero Girls™,95,0
English Hindi Dictionary,,0
Car Driving Simulator Citroen,44,0
"CM Flashlight (Compass, SOS)",1.8,0
"Sticker Camera - Selfie Filters, Beauty Camera",22,0
EW Widgets for Zooper,1.9,0
Future Cloud,,0
HD Themes Toyota Cruiser70,15,0
BJ Bridge Acol Beginner 2018,4.8,0
To Do List,3.5,0
Photo Lock App - Hide Pictures & Videos,3.3,0
Paprika Recipe Manager,2.3,4.99
BJ-DRONE,23,0
D.N. College Meerut,19,0
Skyscanner,29,0
Check Vehicle Tax,2.7,0
Zombie Tsunami,,0
Barisal University App-BU Face,10,0
Smart Launcher 5,,0
Room Creator Interior Design,72,0
Love Balls,40,0
Bubble,0.208,0
FP Runner,29,0
E.U. Trademark Search Tool,3.1,0
10 WPM Amateur ham radio CW Morse code trainer,3.8,1.49
X Construction,8.5,1.49
Profile Tracker - Who Viewed My Facebook Profile,4.8,0
Anime Avatar Creator: Make Your Own Avatar,36,0
Safety stepping stone,20,0
Wondershare PowerCam,27,0
EY TaxLaw NL,3.3,0
EI!,7.7,0
"Resume Maker:Free CV Maker,Templates Builder",7.1,0
Cardboard,50,0
Profile Pictures - Best DP Status,5.4,0
CL Strength,40,0
Barcelona Wallpaper HD,5.7,0
Tennis Temple - Live Scores,,0
AAFP,24,0
Diary with lock,4.4,0
Backgrounds HD (Wallpapers),,0
TextNow - free text + calls,,0
Restaurantführer Südbaden,12,0
EY EMEIA Diversity & Inclusion,12,0
DY Fitness,43,0
FH Dortmund FB4,9.9,0
Super Jim Jump - pixel 3d,18,0
The Simpsons™: Tapped Out,49,0
OpenVPN Connect – Fast & Safe SSL VPN Client,14,0
Live Talk - Free Text and Video Chat,5,0
Ovia Parenting & Baby Development Tracker,38,0
OK K.O.! Lakewood Plaza Turbo,24,0
Sya9a Maroc - FR,53,0
Space Coast CU Mobile,2.1,0
tökr,14,0
Plants vs. Zombies FREE,69,0
AK-47 Sounds,2.9,0
Diário Escola Mestres EF,6.6,0
Golden Dictionary (FR-AR),4.9,0
"IndiaMART: Search Products, Buy, Sell & Trade",11,0
Adventure Quest World Mobile Quiz,26,0
Capitec Remote Banking,,0
Animal Planet GO,9.6,0
Asana: organize team projects,10,0
BG Blurry HD Wallpapers,5.1,0
E2CR CL,25,0
Who,,0
Learn C Programming (Examples) (OFFLINE),3.7,0
Volvo CE Insider,24,0
Smart AppLock (App Protect),,0
AK Blackjack,7.6,0
"Bleacher Report: sports news, scores, & highlights",,0
Beauty Tips - Beauty Tips in Sinhala,4.2,0
FD CANNECT,75,0
Seen,22,0
RetroArch,84,0
Driver Permit Test Prep DC DMV Driver's License Ed,11,0
Sketchfab,9.2,0
Tech CU Card Manager,7.2,0
JW Library,,0
HOLSTON EC,4.2,0
DW Audio,5,0
Offroad G-Class 2018,28,0
3D Holograms Joke,31,0
Zombie Catchers,75,0
WhatsApp Messenger,,0
Dr. Parker : Parking Simulator,81,0
AP Chemistry Prep: Practice Tests and Flashcards,5.4,0
Culver's,4.9,0
"Grow Stone Online : 2d pixel RPG, MMORPG game",48,0
Command & Conquer: Rivals,,0
Learn Basic C - For Beginners,0.772,0
Of the wall Arapaho bk,12,0
Flipkart Online Shopping App,,0
FreedomPop Messaging Phone/SIM,39,0
Aab e Hayat Full Novel,41,0
Quiz CS:GO players,31,0
BG TV Program,2.8,0
HD Camera - silent shutter,3.9,0
"Ginger Keyboard - Emoji, GIFs, Themes & Games",43,0
EURES - Your Job in Europe,2,0
Freedom Christian BF,12,0
Monster High™,22,0
Fate GO Ap Counter,3.2,0
Familyfirst Messenger,3.3,0
AE Solitaire,26,0
Simple Gallery,9,0
AF-STROKE,0.902,5
BJ Bridge Standard American 2018,4.9,0
DB BAHN,8,0
AJ Tracey Music and Lyrics,2.7,0
Nursing Central,5.8,0
Moonlight GO Weather EX,3.5,0
"Free Professional Resume Builder, CV, Cover Letter",11,0
KakaoTalk: Free Calls & Text,,0
Iqiyi (for tablet),25,0
Sniper 3D Gun Shooter: Free Shooting Games - FPS,,0
Wrestling Revolution 3D,51,0
Instant Buttons: The Best Soundboard,9.2,0
X Home Bar - Home Bar Gesture Pro,2,1.99
Children Educational Game Full,,7.49
Garena Free Fire,53,0
Yahoo Fantasy Sports - #1 Rated Fantasy App,,0
Duolingo: Learn Languages Free,,0
Talking Ben the Dog,57,0
Anime et Manga Amino en Français,63,0
Beauty Rental Shop,93,0
BEBONCOOL GAMEPAD V1.0,2.2,0
Guide for IMS DB,2.6,0
Al'Quran Bahasa Indonesia,9.7,0
Camera360: Selfie Photo Editor with Funny Sticker,51,0
Android P Launcher 9.0 launcher,2.3,0
Docs To Go™ Free Office Suite,,0
FL Drone 2,7.8,0
Quran for All (Al-Huda Int.),5.3,0
The CW,21,0
Clash of Clans,98,0
CheckPoints 🏆 Rewards App,25,0
Dubsmash,29,0
Crazy Bike attack Racing New: motorcycle racing,45,0
Nature Sounds,24,0
FollowMyHealth®,37,0
BAMMS for BM 1Park,10,0
CU of Colorado Mobile Banking,25,0
CB Martial Arts,8.7,0
Cute Pet Puppies,36,0
EXO-L Amino for EXO Fans,67,0
AJ Turquoise Dark Icon Pack,32,0.99
BU Syllabus,6.5,0
DS file,12,0
BR Ambedkar Biography & Quotes,2.1,0
"Borneo Bible, BM Bible",5,0
EM Launcher for EMUI,2.3,0
EO SA Benefits,0.518,0
Helix Jump,33,0
DW - Breaking World News,17,0
What's Up,10,0
Learn C++,5.3,0
VAT Checker for EU company,,0
EB Scanner,25,0
Sweet Camera,23,0
EB Events,16,0
Ultimate Notepad,,0
Baby Monitor AV,9.5,0
Pregcy Tracker & Countdown to Baby Due Date,62,0
Quotes,15,0
Dr. Panda Supermarket,58,2.99
Meritrust CU Mobile Banking,14,0
Cerebral Palsy,8.5,0
বাংলা টিভি প্রো BD Bangla TV,14,0
Glow Hockey,,0
"Apartment List: Housing, Apt, and Property Rentals",7.5,0
DB Transport,10,0
LinkedIn Learning: Online Courses to Learn Skills,18,0
Run R Script - Online Statistical Data Analysis,6.2,0
Mukwonago AH,29,0
bp e-store,2.2,0
BT Speed,0.948,4.8
MLB Ballpark,32,0
Spine- The dating app,9.3,0
Google Assistant,1.3,0
Funny Ringtones,14,0
"KVAD Camera +: Selfie, Photo Filter, Grids",30,0
"3D Color by Number: Voxel, Unicorn, Pixel Art 3D",,0
WannaMeet – Dating & Chat App,11,0
Inbox.eu,9.7,0
Dete.bg,29,0
Tablet Reminder,2.5,0
Story Saver for Instagram,5,0
Podcast Republic - Podcast Player & Radio Player,,0
EF Events,4.4,0
Five Nights at Freddy's 4,45,2.99
Adobe Illustrator Draw,,0
realcommercial.com.au,6.7,0
Microsoft OneDrive,,0
Doomsday Preppers™,52,0
Shopkins World!,34,0
Paint By Number,4.6,0
Depths of Betrayal CE (Full),14,2.99
Wherever BQ,18,0
Find My Friends,46,0
Monster Park AR - Jurassic Dinosaurs in Real World,20,0
Facebook,,0
TAXLANDIA,65,0
signály.cz,0.881,0
Garden Fever - Free!,12,0
Find Real Love — YouLove Premium Dating,11,0
CX-10DS,11,0
CSHS BX,18,0
Open Heart Surgery Hospital ER: Crazy Doctor Sim,25,0
BankMobile Vibe App,23,0
QR Scanner & Barcode Scanner 2018,4.1,0
boattheory.ch Full 2018,50,19.4
Tubi TV - Free Movies & TV,11,0
Telemundo Deportes - En Vivo,25,0
Guns'n'Glory Premium,21,2.99
Sic Bo,11,1.99
Learn to Speak English,7,0
FK Zemun,26,0
"Women""s Health Tips(Breast,Face,Body,weight lose)",5,0
Wallpapers DAF CF 85 Trucks,16,0
Mad Day - Truck Distance Game,44,0
DEER HUNTER 2018,82,0
Throw Knife,37,0
Golf Channel,88,0
Myntra Online Shopping App,,0
Colorfit - Drawing & Coloring,25,0
Safe365 – Cell Phone GPS Locator For Your Family,11,0
Sun & Moon AR Locator,5.1,0
FD Fitness,21,0
